customer_state,avg_freight,rank_low
SP,15.147275390419248,1
PR,20.531651567944248,2
MG,20.630166806306541,3
RJ,20.96092393168248,4
DF,21.041354945968383,5