customer_state,avg_delivery_time,rank_high
RR,28.975609756097562,1
AP,26.731343283582085,2
AM,25.986206896551728,3
AL,24.040302267002513,4
PA,23.316067653276981,5