customer_state,avg_delivery_speed,rank_fastest
AC,-19.762500000000006,1
RO,-19.13168724279836,2
AP,-18.731343283582088,3
AM,-18.60689655172413,4
RR,-16.414634146341463,5