customer_state,avg_freight,rank_high
RR,42.984423076923093,1
PB,42.723803986710941,2
RO,41.069712230215842,3
AC,40.073369565217405,4
PI,39.147970479704767,5