customer_state,avg_delivery_time,rank_low
SP,8.2980614890725874,1
PR,11.526711354864908,2
MG,11.543813298106569,3
DF,12.509134615384616,4
SC,14.479560191711331,5