month,percentage_increase
1,705.12669541716912
2,239.99181454459043
3,157.77860667099907
4,177.84077011493167
5,94.627343756772959
6,100.25969124566083
7,80.042454633904114
8,51.606005204772345